<?xml version='1.0' encoding='UTF-8'?>
<?artifactRepository version='1.1.0'?>
<repository name='file:/G:/workspace/Anypointworkspace/itunes-connector/target/update-site/ - artifacts' type='org.eclipse.equinox.p2.artifact.repository.simpleRepository' version='1'>
  <properties size='2'>
    <property name='p2.timestamp' value='1507177461451'/>
    <property name='p2.compressed' value='false'/>
  </properties>
  <mappings size='3'>
    <rule filter='(&amp; (classifier=osgi.bundle))' output='${repoUrl}/plugins/${id}_${version}.jar'/>
    <rule filter='(&amp; (classifier=binary))' output='${repoUrl}/binary/${id}_${version}'/>
    <rule filter='(&amp; (classifier=org.eclipse.update.feature))' output='${repoUrl}/features/${id}_${version}.jar'/>
  </mappings>
  <artifacts size='2'>
    <artifact classifier='osgi.bundle' id='org.mule.tooling.ui.contribution.itunes.3.5.0' version='1.0.0.201710050024'>
      <properties size='3'>
        <property name='artifact.size' value='332789'/>
        <property name='download.size' value='332789'/>
        <property name='download.md5' value='82fe30de2a74bd730ab5a1576a7c1d57'/>
      </properties>
    </artifact>
    <artifact classifier='org.eclipse.update.feature' id='org.mule.tooling.ui.extension.itunes-connector.3.5.0' version='1.0.0.201710050024'>
      <properties size='4'>
        <property name='artifact.size' value='644'/>
        <property name='download.size' value='644'/>
        <property name='download.md5' value='35cf46bf0c145d283f482f11440e5c9c'/>
        <property name='download.contentType' value='application/zip'/>
      </properties>
    </artifact>
  </artifacts>
</repository>
